"ID","ID_litter","Size","litt_size","sex","group","IgGJ2","TPI","Diarr","Age_D1","AgeD2","hospit","InfCroissPed","InfCroiss4","InfCroiss5","InfCroiss6","InfCroiss7","InfCroiss8","Min1inflcr","TRD21","TRD22","TRD23","TRD24","TRD25","TRD26","TRD27","TRD28","TRD29","TRD30","TRD31","TRD32","TRD33","TRD34","TRD35","TRD36","TRD37","TRD38","TRD39","TRD40","TRD41","TRD42","TRD43","TRD44","TRD45","TRD46","TRD47","TRD48","TRD49","TRD50","TRD51","TRD52","TRD53","TRD54","TRD55","TRD56","Died"
"L2A","2","S","5","M","L","NA","NA","1","28","NA","1","1","1","0","0","0","NA","1","37.5","37.5","37.5","37.8","37.7","37.8","37.3","37.9","37.5","37.7","37.8","38.3","38.0","38.1","37.9","38.0","37.8","38.2","38.0","38.5","38.3","37.7","38.4","38.4","38.8","38.5","38.4","38.4","38.2","38.4","38.90","38.7","38.5","38.7","39.0","39.0","1"
"L2B","2","S","5","F","L","NA","NA","1","29","NA","0","1","1","0","0","0","0","1","37.4","37.8","37.3","37.8","37.8","37.6","37.3","37.3","37.7","37.5","37.3","37.6","37.8","38.1","38.1","37.7","38.2","38.1","37.7","37.9","37.8","37.8","38.4","38.4","38.2","38.5","38.2","38.4","37.4","37.8","39.10","38.1","38.7","37.7","37.9","38.3","0"
"L2C","2","S","5","M","C","NA","NA","0","NA","NA","0","1","0","1","0","0","0","1","37.3","37.5","37.6","37.5","37.4","37.5","37.7","37.7","37.6","37.8","37.8","37.8","38.0","38.3","38.1","38.1","38.1","38.2","38.1","38.0","37.8","38.0","38.2","38.3","38.9","38.5","38.5","38.2","38.4","38.1","38.80","39.1","37.4","38.0","38.2","37.6","0"
"L2D","2","S","5","F","L","NA","NA","1","54","NA","1","1","0","1","0","0","0","1","37.3","37.8","36.9","37.9","37.5","37.7","37.7","37.7","37.8","37.8","37.8","37.9","38.0","38.3","37.9","37.7","38.0","38.1","38.0","38.3","38.4","37.8","38.1","38.3","38.4","38.6","37.8","38.4","38.4","38.4","38.90","38.3","38.5","38.6","38.0","38.0","0"
"L2E","2","S","5","F","C","NA","NA","1","52","NA","1","1","0","1","0","0","1","1","37.4","37.5","37.1","37.7","37.4","37.2","37.7","37.6","37.8","37.7","37.7","37.4","37.7","38.3","38.2","37.9","38.3","38.2","38.4","38.5","38.0","37.9","38.7","38.8","38.7","38.8","38.3","38.3","38.7","38.6","39.10","37.4","37.4","37.4","37.4","37.4","0"
"L3A","3","L","5","M","L","NA","NA","1","38","NA","1","1","0","1","1","0","0","1","37.3","37.6","37.5","38.0","37.4","38.1","38.0","37.9","38.0","38.2","37.7","38.9","38.9","38.1","38.1","38.0","38.5","38.3","38.0","37.8","38.1","38.5","37.9","37.9","38.1","37.8","37.9","38.0","38.5","38.4","38.10","37.6","38.2","38.2","38.4","38.6","0"
"L3B","3","L","5","F","L","NA","NA","1","37","NA","1","1","0","1","1","0","0","1","37.7","37.4","37.6","38.3","37.9","38.0","37.8","37.5","38.1","38.2","38.6","39.2","38.7","37.7","38.6","38.3","38.8","38.6","38.5","38.0","38.3","38.0","38.5","38.4","38.6","38.1","37.9","38.4","38.2","38.2","37.90","37.6","38.0","38.0","37.8","37.2","0"
"L3C","3","L","5","F","C","NA","NA","0","NA","NA","1","1","0","1","1","0","0","1","37.9","37.9","37.3","37.9","37.4","37.8","37.4","37.3","38.6","37.8","37.6","38.9","38.6","38.3","37.9","38.0","38.7","37.6","37.3","37.9","38.1","37.8","37.8","38.4","38.5","38.4","37.5","37.4","38.3","38.3","38.40","38.2","38.6","38.6","38.7","37.6","0"
"L3D","3","L","5","F","L","NA","NA","1","37","55","1","1","0","0","1","1","0","1","38.0","37.7","37.6","38.1","37.6","37.8","37.6","37.8","37.9","36.8","38.2","38.6","38.4","38.2","38.5","38.1","38.2","37.6","38.0","38.1","37.8","37.9","37.9","38.0","37.9","38.4","37.2","38.0","38.0","38.1","38.00","38.0","38.1","37.6","36.8","37.6","0"
"L4A","4","S","6","F","L","NA","NA","0","NA","NA","0","1","0","0","1","0","NA","1","37.7","37.3","36.7","37.3","37.7","37.4","37.5","37.2","37.3","37.4","37.4","37.6","37.6","37.4","38.0","37.6","37.7","37.9","37.4","37.7","38.0","37.9","37.9","37.5","37.8","37.6","37.6","37.8","39.4","39.4","37.60","37.8","34.8","35.9","35.9","35.9","1"
"L4B","4","S","6","M","C","NA","NA","0","NA","NA","0","1","1","1","0","0","1","1","37.0","37.3","37.6","37.4","37.4","37.5","37.5","37.6","37.5","38.1","37.8","38.0","37.2","37.9","38.1","38.5","38.0","38.3","37.8","38.4","37.9","38.2","38.0","38.0","38.8","38.2","38.2","37.9","38.7","38.4","38.40","38.5","38.4","38.3","38.7","39.4","0"
"L4C","4","S","6","M","L","NA","NA","0","NA","NA","0","0","0","0","0","0","0","0","37.0","37.5","37.4","37.9","37.8","37.5","37.8","37.3","37.8","38.1","37.6","37.8","37.8","37.8","37.8","38.5","38.0","38.1","38.2","38.5","38.2","38.7","37.9","38.0","38.5","38.2","38.0","38.4","38.6","38.5","37.70","37.4","38.7","37.8","38.6","37.7","0"
"L4D","4","S","6","F","L","NA","NA","0","NA","NA","0","1","0","1","0","0","0","1","37.3","37.4","37.6","37.7","37.2","37.7","37.6","37.6","37.9","38.1","38.0","38.2","37.9","38.1","38.0","38.1","38.0","38.3","38.3","38.5","38.3","38.7","38.8","38.5","38.5","38.2","38.2","37.9","38.2","39.0","38.70","38.6","38.2","37.9","38.4","39.0","0"
"L4E","4","S","6","M","C","NA","NA","0","NA","NA","0","1","1","0","0","0","0","1","36.7","37.1","37.4","37.5","37.2","37.8","37.7","37.3","37.9","38.1","37.6","37.9","37.9","38.4","38.0","37.9","38.3","38.4","38.2","38.3","38.1","38.3","38.4","38.2","38.2","38.3","38.4","37.5","38.7","38.7","38.60","39.0","39.3","38.7","38.6","37.5","0"
"L4F","4","S","6","F","C","NA","NA","0","NA","NA","0","0","0","0","0","0","0","0","37.4","37.1","37.5","37.5","37.7","37.5","37.7","37.7","37.4","38.1","37.8","38.2","37.2","38.0","37.0","38.1","38.0","38.3","38.1","38.4","37.6","38.1","38.1","37.8","38.0","37.5","37.5","37.6","38.2","38.8","38.40","38.0","38.9","38.0","38.3","38.1","0"
"L5A","5","L","5","F","L","NA","NA","1","46","NA","1","0","0","0","0","0","0","0","37.6","37.3","37.1","37.9","38.1","38.2","37.8","38.1","38.1","38.3","38.0","39.1","38.5","37.8","36.1","38.1","38.0","37.9","37.9","37.8","38.2","39.2","38.7","38.7","38.7","38.7","38.7","38.0","37.8","37.4","38.30","38.0","38.0","38.2","38.4","37.9","0"
"L5B","5","L","5","F","L","NA","NA","0","NA","NA","0","0","0","0","0","0","0","0","37.7","37.4","37.2","37.8","37.8","37.8","37.8","37.9","38.2","38.0","38.1","38.3","38.6","38.1","38.3","38.7","38.6","38.4","38.1","38.3","38.3","38.5","38.2","38.5","38.2","38.3","38.3","38.3","38.1","38.2","38.30","38.3","38.0","38.1","38.7","38.2","0"
"L5C","5","L","5","M","C","NA","NA","1","45","NA","1","0","1","0","0","0","0","1","37.3","37.0","36.5","37.9","37.6","37.7","36.6","37.7","37.3","37.8","38.1","38.2","37.9","38.1","37.9","38.5","38.4","38.6","38.2","38.1","38.1","38.8","37.8","37.8","37.8","37.8","37.8","38.4","37.8","37.2","38.00","37.5","38.0","38.6","38.5","38.4","0"
"L5D","5","L","5","M","C","NA","NA","1","44","NA","1","0","0","0","0","NA","NA","NA","37.4","37.0","37.1","37.7","37.8","37.5","37.6","37.7","38.0","37.8","38.1","38.2","38.2","38.3","38.0","38.3","38.4","38.5","37.9","38.2","37.7","39.4","39.4","39.4","39.4","39.4","39.4","39.4","39.4","39.4","39.40","39.4","39.4","39.4","39.4","39.4","1"
"L5E","5","L","5","M","C","NA","NA","0","NA","NA","0","0","0","0","0","0","0","0","37.6","37.6","36.5","38.0","37.8","37.7","37.8","37.4","37.8","37.9","38.0","38.0","38.1","37.7","38.0","38.2","38.4","38.1","38.3","38.3","38.2","38.8","38.3","38.9","38.3","39.1","37.9","38.2","38.0","38.2","38.50","38.1","38.2","38.5","38.7","38.5","0"
"L6A","6","S","2","F","L","NA","NA","0","NA","NA","0","0","0","0","0","0","0","0","37.8","37.8","37.8","37.7","38.0","37.5","38.7","38.0","38.2","37.9","37.5","37.7","38.0","38.2","37.7","37.7","38.2","38.1","38.1","38.0","38.1","38.2","37.9","38.1","37.6","38.3","38.4","37.9","37.1","38.2","37.30","38.2","37.5","37.7","38.3","38.3","0"
"L6B","6","S","2","F","C","NA","NA","0","NA","NA","0","0","0","0","0","0","0","0","37.9","37.4","37.4","38.2","37.6","37.5","37.9","37.0","38.5","37.9","37.5","37.8","37.9","38.4","38.1","38.0","38.4","38.1","38.1","38.1","37.7","38.2","38.2","38.7","38.1","38.2","38.3","38.4","38.2","38.1","38.30","38.8","38.7","38.4","38.3","38.6","0"
"L7A","7","L","5","F","L","NA","NA","1","56","NA","0","1","0","0","0","0","1","1","37.4","37.2","37.1","37.1","37.4","37.7","37.2","38.0","38.5","38.0","37.0","37.7","37.9","38.3","38.3","38.0","38.0","38.0","38.0","37.9","38.1","38.4","38.2","38.1","38.1","38.4","38.7","37.8","38.0","38.3","38.50","38.5","38.5","38.0","37.9","38.2","0"
"L7B","7","L","5","M","C","NA","NA","1","44","NA","1","1","0","0","0","1","1","1","37.5","37.4","37.5","37.4","37.9","37.9","37.8","38.3","37.6","38.0","38.7","37.9","38.1","38.2","38.2","38.1","38.2","38.4","38.5","38.5","37.8","38.4","38.3","38.6","38.3","38.7","38.7","37.4","38.0","38.5","38.80","38.5","38.5","38.5","38.5","38.5","1"
"L7C","7","L","5","F","L","NA","NA","0","NA","NA","0","1","0","0","0","0","1","1","37.4","37.6","37.3","37.0","37.6","37.9","38.1","37.6","38.1","37.7","37.6","38.2","38.1","38.1","38.0","37.9","38.3","38.3","38.3","38.6","38.0","38.9","38.3","38.1","38.2","38.5","39.0","38.0","38.0","38.5","38.90","38.2","38.9","38.5","38.1","38.7","0"
"L7D","7","L","5","M","C","NA","NA","1","35","56","0","1","0","0","0","0","1","1","36.8","37.6","37.2","36.7","37.3","37.8","37.8","37.8","37.8","38.0","37.8","38.2","38.1","38.0","38.1","38.0","38.1","38.4","38.1","38.2","38.1","38.3","38.4","38.1","38.1","38.1","39.3","38.0","38.4","38.3","38.20","38.5","38.9","38.9","38.1","38.5","0"
"L7E","7","L","5","NA","L","NA","NA","1","59","NA","1","1","0","0","0","1","0","1","37.3","37.4","37.0","37.3","37.1","37.9","38.1","38.2","38.6","38.1","38.0","38.0","37.8","38.0","38.4","37.9","38.1","38.4","38.4","38.6","38.2","38.8","38.4","38.5","38.6","38.7","38.8","37.4","38.1","38.3","38.50","38.5","38.6","38.7","38.2","38.5","0"
"L8A","8","S","2","M","C","NA","NA","0","NA","NA","0","1","1","0","0","0","0","1","37.0","37.3","37.7","37.7","37.4","38.2","37.4","37.9","37.6","38.0","37.7","37.8","38.0","37.8","38.1","37.0","37.8","37.8","38.2","37.8","37.9","38.4","38.2","38.2","38.3","38.2","38.7","37.8","37.3","38.1","38.00","38.3","38.4","38.4","38.6","38.9","0"
"L8B","8","S","2","F","L","NA","NA","0","NA","NA","0","1","0","0","0","1","0","1","37.7","37.2","37.7","37.4","37.2","37.6","37.4","37.8","37.4","37.8","37.8","37.6","37.7","37.5","38.0","37.9","37.7","37.5","38.2","37.9","38.1","38.4","38.4","38.1","38.3","37.9","38.6","37.4","37.3","37.6","38.10","38.6","38.2","38.2","38.2","39.1","0"
"L9A","9","S","4","F","L","NA","NA","0","NA","NA","0","1","0","1","0","0","0","1","37.0","36.6","37.4","37.6","37.3","37.9","37.8","37.6","37.8","37.8","37.8","37.5","37.9","37.9","38.8","37.9","37.7","38.0","37.7","38.2","37.6","37.9","38.1","38.4","37.9","37.8","38.1","37.7","38.2","38.3","38.20","38.2","39.2","38.2","38.3","38.3","0"
"L9B","9","S","4","M","C","NA","NA","0","NA","NA","0","0","0","0","0","0","0","0","37.3","37.4","37.8","37.6","37.6","37.8","37.6","37.8","38.1","37.7","38.2","37.9","38.0","37.6","38.1","37.9","37.9","38.0","37.9","35.1","38.0","37.9","38.1","38.5","38.2","37.7","37.9","37.9","37.9","38.4","38.20","38.4","38.5","38.3","38.3","38.8","0"
"L9C","9","S","4","F","C","NA","NA","1","53","NA","0","0","0","0","0","0","0","0","36.1","37.3","37.0","37.5","36.8","37.8","37.9","37.4","38.0","38.0","37.6","37.7","37.9","37.9","38.0","37.8","38.2","38.0","38.1","37.7","38.0","38.3","38.0","38.0","38.2","37.9","37.9","38.2","38.1","38.1","38.10","38.8","38.7","38.4","38.3","38.0","0"
"L9D","9","S","4","NA","L","NA","NA","1","54","NA","0","0","0","0","0","0","0","0","37.3","37.1","37.7","37.8","37.6","37.9","37.8","37.6","37.9","37.6","38.0","37.7","38.0","38.0","38.2","38.2","38.2","38.0","38.1","38.1","38.1","38.2","38.2","38.2","38.4","38.1","38.0","38.0","38.5","38.2","38.30","38.0","38.9","38.6","38.1","38.3","0"
"L10A","10","L","6","F","L","NA","NA","0","NA","NA","0","0","0","0","0","0","0","0","37.5","37.6","37.1","38.1","37.6","37.7","37.9","37.7","38.1","38.0","38.0","38.1","38.2","38.1","38.2","38.3","38.1","38.5","38.5","38.2","38.2","38.1","39.4","38.5","38.4","38.3","38.3","38.0","38.2","38.4","38.30","38.5","38.4","38.6","38.1","38.2","0"
"L10B","10","L","6","F","C","NA","NA","0","NA","NA","0","0","0","0","0","0","0","0","37.3","37.1","37.5","37.9","37.7","37.9","37.8","37.9","37.8","37.8","38.0","38.4","38.3","38.0","37.9","38.5","38.1","38.3","38.3","38.3","38.7","38.2","38.3","38.6","39.0","38.1","38.1","38.0","38.2","38.2","37.80","38.8","38.2","38.5","38.4","38.9","0"
"L10C","10","L","6","M","L","NA","NA","0","NA","NA","0","0","0","0","0","0","0","0","37.4","37.6","37.4","37.8","37.9","37.6","38.1","38.0","37.6","38.0","38.0","38.1","38.2","37.8","38.5","38.3","38.1","38.3","38.5","38.3","38.2","38.6","38.6","38.9","38.6","38.4","37.2","38.1","38.5","38.7","38.80","38.5","38.2","38.4","37.5","37.7","0"
"L10D","10","L","6","F","C","NA","NA","0","NA","NA","0","0","0","0","0","0","0","0","37.2","37.3","37.8","37.8","37.9","37.8","37.8","37.6","37.7","37.7","38.0","37.8","38.2","38.2","38.5","38.0","38.2","38.2","38.2","38.3","38.6","38.6","38.9","37.9","37.7","38.3","38.5","38.2","38.2","38.5","38.50","38.5","38.0","37.9","37.9","38.7","0"
"L10E","10","L","6","F","L","NA","NA","1","38","NA","1","1","0","0","1","0","0","1","37.0","37.6","37.8","38.1","37.9","37.9","38.3","38.3","38.1","38.1","38.4","38.3","38.2","38.3","38.4","38.7","38.3","39.5","39.5","39.5","39.5","38.7","38.6","38.3","38.1","38.7","38.8","38.1","38.8","37.4","37.80","37.9","39.2","39.2","38.2","38.7","0"
"L10F","10","L","6","F","C","NA","NA","0","NA","NA","0","0","0","0","0","0","0","0","37.2","37.6","37.9","37.9","37.9","37.8","37.6","37.7","37.8","37.7","38.4","38.3","38.1","38.1","38.1","38.5","38.3","38.5","38.5","38.7","38.0","37.7","37.9","38.6","38.7","38.3","37.8","38.3","38.3","38.6","38.30","38.6","38.7","38.4","38.4","38.5","0"
"L11A","11","L","6","F","L","NA","NA","1","52","NA","1","1","1","0","0","0","NA","1","37.1","37.7","37.5","38.1","37.6","38.2","38.0","37.5","38.3","38.1","38.1","38.0","38.1","38.2","38.5","38.6","38.3","38.7","38.3","38.9","38.4","38.6","38.9","37.9","38.3","38.0","37.6","38.2","38.8","37.8","39.00","38.1","38.2","37.9","38.3","38.3","1"
"L11B","11","L","6","F","C","NA","NA","1","52","NA","1","0","0","0","0","0","NA","NA","36.9","38.0","37.8","38.0","37.8","37.8","38.5","38.2","38.4","38.3","38.4","38.2","38.1","38.1","38.3","38.6","38.5","38.7","38.6","38.6","38.7","39.0","38.6","38.3","38.7","38.7","38.1","38.5","38.4","38.1","38.00","39.2","39.5","38.4","38.4","38.4","1"
"L11C","11","L","6","F","L","NA","NA","1","52","NA","1","1","1","0","0","0","NA","1","37.2","37.7","37.6","38.0","37.8","38.3","38.1","37.6","38.0","38.3","38.3","38.5","38.0","38.1","38.6","38.5","38.6","39.0","38.8","38.8","38.3","38.7","38.6","38.1","38.2","38.1","38.2","38.1","37.7","38.9","39.30","38.5","39.3","38.2","39.9","39.9","1"
"L11D","11","L","6","F","C","NA","NA","1","53","NA","1","1","0","0","0","1","0","1","37.4","37.6","37.4","37.8","37.7","38.5","37.9","37.9","38.6","38.4","38.4","38.0","38.1","38.3","37.9","38.5","38.6","38.4","38.7","38.6","38.5","38.3","38.1","38.5","38.1","38.3","39.1","38.9","38.6","38.7","38.70","38.5","38.7","38.2","38.3","38.3","0"
"L11E","11","L","6","F","L","NA","NA","1","37","51","1","0","0","0","0","0","0","0","37.5","37.7","37.3","37.5","37.4","37.8","38.1","37.9","37.7","38.0","38.0","38.2","38.2","38.2","38.4","38.6","38.4","38.4","38.4","38.8","38.7","38.9","38.9","38.6","38.5","38.4","38.5","38.4","38.2","38.6","39.40","39.4","39.0","38.2","39.2","39.2","0"
"L11F","11","L","6","F","C","NA","NA","1","40","52","1","1","0","0","0","0","1","1","37.3","37.3","37.7","37.9","37.3","38.3","38.0","38.2","38.3","38.1","38.6","38.2","38.1","38.5","38.6","38.7","38.6","38.4","38.3","38.7","38.9","38.9","39.2","38.5","38.5","38.2","38.6","38.2","38.6","38.5","39.40","39.4","38.7","38.5","38.3","38.4","0"
"L12A","12","M","9","M","C","NA","NA","0","NA","NA","0","0","0","0","0","0","NA","NA","37.3","37.0","37.6","37.8","37.6","37.1","36.8","36.8","37.2","37.7","38.1","37.9","37.7","37.5","37.9","37.8","38.5","38.0","38.0","38.5","38.1","38.1","38.4","37.6","39.2","37.7","38.0","38.6","38.2","38.1","38.70","38.8","38.8","38.8","38.8","38.8","1"
"L12B","12","M","9","M","L","NA","NA","1","28","56","0","1","0","1","0","0","0","1","37.1","37.1","37.6","37.6","37.8","37.4","37.6","37.3","37.3","37.8","37.6","38.4","37.9","38.2","38.0","37.9","38.5","38.1","39.2","38.1","38.2","38.1","37.8","38.6","38.6","38.5","37.8","38.9","38.4","38.1","38.10","38.9","38.5","38.5","38.8","38.7","0"
"L12C","12","M","9","F","L","NA","NA","1","56","NA","0","0","0","0","0","0","0","0","37.2","37.0","37.7","37.4","37.3","37.7","37.5","36.7","37.0","37.7","37.9","37.8","37.6","38.0","37.8","37.9","38.6","37.3","38.0","38.1","37.8","38.3","38.3","38.3","38.2","38.1","38.6","38.7","38.3","38.5","38.30","38.4","38.9","38.4","40.2","39.0","0"
"L12D","12","M","9","F","C","NA","NA","1","40","NA","0","1","0","1","0","0","0","1","36.9","37.0","37.3","37.3","37.6","37.3","37.2","37.6","37.0","37.9","37.6","37.9","37.9","37.8","38.3","37.9","38.2","38.0","38.4","38.5","38.2","38.5","38.3","38.8","38.0","38.6","38.0","38.6","38.5","38.0","38.10","38.9","36.6","38.5","38.7","38.7","0"
"L12E","12","M","9","M","L","NA","NA","0","NA","NA","0","0","0","1","0","0","0","1","37.4","37.7","37.8","37.1","37.3","37.6","37.4","37.4","37.5","38.1","37.8","38.6","38.1","38.5","38.4","38.2","38.5","38.1","38.5","39.3","38.4","38.9","38.5","38.8","38.8","38.4","38.0","38.6","38.5","38.3","38.30","39.0","38.8","38.5","39.7","39.5","0"
"L12F","12","M","9","M","L","NA","NA","1","47","NA","0","0","0","0","0","0","0","0","37.7","37.4","37.6","37.4","37.6","37.4","37.1","36.8","37.8","37.8","37.8","37.4","37.8","38.0","37.5","37.9","38.5","38.2","38.8","38.5","38.6","38.2","38.2","38.4","38.4","38.4","38.1","38.8","39.0","38.6","38.60","38.2","39.1","38.2","39.0","38.1","0"
"L12G","12","M","9","M","C","NA","NA","1","39","NA","1","1","0","0","0","1","0","1","37.0","37.5","37.6","37.4","37.9","37.3","37.4","36.9","37.7","37.6","37.4","37.4","37.7","38.1","38.5","38.2","38.4","38.2","38.2","38.2","38.2","37.9","38.0","37.8","37.2","37.4","37.6","38.1","38.5","38.4","37.90","39.0","38.4","38.1","38.1","39.3","0"
"L12H","12","M","9","F","C","NA","NA","1","56","NA","0","1","1","0","0","0","1","1","37.1","37.0","37.0","37.3","37.4","37.3","37.2","36.9","37.1","37.7","37.7","37.8","38.0","38.1","38.0","37.3","38.3","37.7","38.3","38.3","38.1","38.1","38.4","38.4","38.3","38.2","37.4","38.2","38.7","38.3","38.10","38.7","38.9","38.5","38.3","39.3","0"
"L12I","12","M","9","F","L","NA","NA","1","56","NA","0","1","0","1","0","1","NA","1","37.1","37.2","37.6","37.6","37.6","37.4","37.4","37.1","37.8","37.8","37.7","37.8","37.8","38.2","38.0","37.9","38.8","38.3","38.4","38.4","38.3","38.6","38.7","38.9","38.5","38.7","38.4","38.6","39.0","38.6","37.80","38.6","38.5","39.5","39.3","38.8","1"
"L13A","13","S","6","M","C","NA","NA","1","56","NA","0","0","0","0","0","0","0","0","37.0","37.8","37.1","37.0","37.3","37.4","37.1","37.3","37.5","37.8","37.8","38.0","38.0","37.3","37.6","37.7","37.7","38.1","37.9","37.7","38.0","38.2","38.4","37.5","37.9","38.0","38.0","38.7","37.9","38.4","38.80","38.7","38.4","38.1","39.0","39.3","0"
"L13B","13","S","6","M","L","NA","NA","0","NA","NA","0","1","0","0","0","0","1","1","37.1","37.5","37.6","37.4","37.1","37.5","37.0","37.6","38.0","37.4","37.8","38.1","38.2","38.0","37.7","38.3","38.0","38.2","37.9","38.4","38.3","38.1","38.7","37.8","37.8","38.1","37.9","38.6","38.0","38.6","38.90","39.6","38.7","38.7","38.4","39.6","0"
"L13C","13","S","6","F","C","NA","NA","0","NA","NA","0","1","0","0","0","0","1","1","37.3","37.7","37.4","37.6","37.3","37.4","37.6","37.2","37.9","37.7","37.8","37.4","38.0","37.9","38.0","37.8","38.2","37.5","38.0","37.9","37.8","38.4","38.4","38.0","38.0","38.1","38.3","38.7","38.0","38.1","38.70","38.2","38.4","38.3","38.2","38.6","0"
"L13D","13","S","6","M","L","NA","NA","0","NA","NA","0","0","0","0","0","0","0","0","36.4","37.5","36.9","37.1","37.6","37.4","37.6","37.7","37.7","37.8","37.6","37.5","37.9","38.1","37.9","38.0","38.1","37.9","38.1","37.9","37.7","38.5","38.2","37.4","38.1","37.7","38.0","38.7","38.4","37.9","38.60","38.9","39.0","38.6","37.6","37.8","0"
"L13E","13","S","6","F","C","NA","NA","0","NA","NA","0","1","0","0","0","0","1","1","36.8","37.3","37.0","37.3","37.1","36.9","37.7","37.3","37.6","37.6","37.8","37.3","37.7","37.6","37.8","37.3","37.7","38.1","37.9","37.8","37.9","38.2","38.3","37.1","37.3","37.7","37.9","38.4","37.6","38.7","37.30","37.9","38.3","38.3","38.4","38.5","0"
"L13F","13","S","6","M","L","NA","NA","0","NA","NA","0","0","0","0","0","0","0","0","37.3","37.4","36.9","37.0","37.6","37.3","37.6","37.5","37.7","37.7","38.0","38.0","37.8","37.8","37.6","38.2","37.8","37.9","37.9","37.9","36.1","37.8","38.5","38.2","38.1","38.1","38.0","38.3","38.1","38.4","38.50","38.2","38.3","38.3","39.6","38.7","0"
"L14A","14","M","5","F","C","NA","NA","0","NA","NA","0","0","0","0","0","0","NA","NA","37.1","37.3","37.3","37.5","38.0","37.8","37.9","37.9","37.8","38.0","37.9","37.9","38.4","38.6","37.8","38.5","38.1","38.2","38.4","37.8","38.4","38.3","37.3","37.3","38.1","38.3","38.5","38.4","38.2","38.4","37.40","37.4","37.4","37.4","37.4","37.4","0"
"L14B","14","M","5","M","L","NA","NA","0","NA","NA","0","0","0","0","0","0","NA","NA","37.3","37.0","37.0","37.3","37.6","37.5","37.6","38.0","37.8","37.5","37.8","37.5","38.4","38.0","37.8","38.9","38.9","38.0","38.0","38.3","38.2","37.2","37.7","37.2","37.7","37.6","38.7","37.9","38.3","38.4","37.20","37.2","37.2","37.2","37.2","37.2","0"
"L14C","14","M","5","F","C","NA","NA","0","NA","NA","0","1","0","0","0","1","NA","1","37.3","37.3","37.3","37.1","37.8","37.7","37.9","37.8","37.5","37.6","38.1","37.9","38.2","38.0","37.9","38.1","37.4","38.1","38.3","38.3","38.4","38.0","37.8","38.2","38.3","38.1","38.2","38.2","39.6","38.6","37.80","37.8","37.8","37.8","37.8","37.8","0"
"L14D","14","M","5","F","L","NA","NA","0","NA","NA","0","0","0","0","0","0","NA","NA","37.1","37.0","37.0","37.3","37.9","37.6","37.8","38.0","37.6","37.8","38.0","37.9","37.9","38.3","37.8","38.1","37.7","37.8","37.9","37.9","38.7","37.2","37.6","37.7","38.4","38.3","38.4","38.8","38.8","38.5","38.00","38.0","38.0","38.0","38.0","38.0","0"
"L14E","14","M","5","F","C","NA","NA","0","NA","NA","0","0","0","0","0","0","NA","NA","37.3","37.3","37.3","37.4","37.8","37.7","38.0","37.6","37.8","37.5","37.7","37.9","38.2","38.2","38.4","38.2","37.9","38.5","38.5","38.2","38.6","37.8","37.5","37.9","37.8","37.1","38.3","38.3","38.8","38.8","38.20","38.2","38.2","38.2","38.2","38.2","0"
"L15A","15","L","8","NA","L","NA","NA","0","NA","NA","0","0","0","0","0","0","0","0","37.4","37.6","37.7","37.8","37.9","37.9","38.1","37.8","38.1","38.0","38.1","38.2","38.3","38.4","38.4","38.4","38.6","38.1","38.5","38.7","37.7","38.5","38.8","38.8","38.5","38.4","38.4","39.3","38.6","38.0","38.60","37.7","38.0","37.8","38.3","38.3","0"
"L15B","15","L","8","M","L","NA","NA","1","53","NA","1","1","0","0","1","0","NA","1","36.8","37.4","37.6","37.4","37.7","37.9","38.1","37.6","37.5","38.3","38.1","38.2","38.2","38.2","38.3","37.8","38.2","37.9","38.4","38.7","37.7","38.0","38.0","37.5","38.1","38.1","38.5","38.7","38.7","38.8","39.10","38.4","37.6","38.2","38.2","38.2","1"
"L15C","15","L","8","M","C","NA","NA","0","NA","NA","0","0","0","0","0","0","0","0","36.9","37.4","37.5","37.7","37.8","37.7","37.8","37.7","37.8","38.0","38.1","38.2","37.6","37.8","38.6","38.2","38.1","37.9","38.5","38.4","37.9","37.9","38.1","38.1","38.4","38.3","38.4","38.1","38.3","38.9","39.00","38.5","38.1","37.9","38.5","38.1","0"
"L15D","15","L","8","F","C","NA","NA","1","56","NA","0","1","1","0","0","0","0","1","37.3","37.3","37.6","37.5","37.7","37.4","37.9","37.7","37.9","38.0","38.0","38.0","37.9","38.2","38.8","38.2","38.4","38.2","38.6","38.8","37.7","38.4","38.4","38.5","38.0","38.2","38.4","38.0","37.8","38.2","38.60","38.8","38.6","38.0","38.8","38.6","0"
"L15E","15","L","8","F","C","NA","NA","1","48","NA","1","1","0","0","1","1","NA","1","36.9","37.4","37.4","37.8","37.6","37.7","38.0","37.7","38.2","38.3","37.7","38.8","38.4","38.3","38.5","38.0","38.3","37.7","38.6","38.8","37.6","37.6","37.4","38.1","38.1","38.5","38.6","38.3","37.6","38.1","38.10","38.1","38.1","38.1","38.1","38.1","1"
"L15F","15","L","8","M","L","NA","NA","1","53","NA","1","1","0","0","0","0","1","1","37.0","37.7","37.2","37.4","37.8","37.7","38.0","37.8","38.0","38.1","38.1","38.1","38.1","38.4","38.7","38.7","38.6","38.3","38.6","38.4","36.9","37.3","38.6","38.3","38.0","38.2","38.4","38.0","38.2","38.4","38.80","36.5","37.4","37.9","37.9","37.5","0"
"L15H","15","L","8","M","L","NA","NA","1","35","50","1","1","0","0","0","1","NA","1","36.8","37.6","37.2","37.0","37.6","37.9","37.6","37.5","38.1","38.2","38.6","38.3","38.3","38.4","39.1","38.4","38.7","38.2","38.6","38.6","37.7","38.3","37.7","38.3","38.5","38.7","38.7","38.4","37.7","38.4","37.80","37.8","38.1","37.7","37.7","37.7","1"
"L16A","16","S","6","M","C","NA","NA","1","55","NA","1","0","0","0","0","0","0","0","37.8","37.6","37.6","37.4","37.7","37.8","38.2","38.1","37.9","37.9","37.8","38.4","38.4","37.9","37.8","38.1","38.0","37.4","38.2","38.4","38.9","38.0","38.2","38.2","38.2","37.9","38.5","38.4","38.3","38.5","38.60","39.0","39.2","39.3","38.4","38.4","1"
"L16B","16","S","6","NA","L","NA","NA","1","55","NA","1","1","0","0","0","0","1","1","37.1","37.5","37.2","37.2","37.8","37.7","37.9","37.2","38.0","37.9","37.6","38.0","37.9","37.7","38.1","37.6","38.1","37.6","38.1","38.1","37.9","37.8","38.0","37.8","37.8","38.3","38.3","37.7","38.2","38.1","38.10","37.9","38.5","38.1","37.7","38.6","0"
"L16C","16","S","6","F","L","NA","NA","0","NA","NA","0","0","0","0","0","0","0","0","37.4","37.5","37.5","36.9","37.9","38.0","37.5","37.8","37.9","37.7","37.2","38.1","37.7","37.7","37.9","37.7","37.9","37.9","38.0","39.0","37.8","38.8","38.7","38.1","38.4","38.7","38.7","38.4","38.6","38.3","38.40","38.6","38.2","38.2","38.3","37.9","0"
"L16D","16","S","6","M","C","NA","NA","0","NA","NA","0","0","0","0","0","0","0","0","37.1","37.6","37.4","37.5","37.9","37.8","37.7","37.9","38.3","38.0","38.1","38.4","38.1","37.9","37.9","37.7","38.2","37.8","37.2","38.8","38.0","37.9","38.4","38.0","37.8","38.2","38.3","38.3","38.5","38.1","38.40","38.7","39.2","38.5","37.8","38.1","0"
"L16E","16","S","6","M","L","NA","NA","0","NA","NA","0","0","0","0","0","0","0","0","37.4","37.3","37.4","37.4","37.7","37.8","37.7","38.0","38.0","37.9","37.9","38.0","38.1","38.1","38.9","38.3","38.1","37.6","37.9","38.3","38.3","37.9","38.7","38.5","38.4","37.7","38.4","38.3","38.6","38.2","38.40","37.9","38.0","38.0","38.4","37.7","0"
"L16F","16","S","6","F","C","NA","NA","0","NA","NA","0","0","0","0","0","0","0","0","37.3","37.3","37.3","37.5","37.8","37.8","38.0","37.7","37.8","37.6","37.8","38.1","37.9","37.9","38.1","37.3","38.1","38.0","38.4","38.3","37.7","38.2","38.4","38.3","38.2","37.9","38.4","38.0","38.7","38.4","38.40","39.4","38.4","38.1","38.4","37.8","0"
"L17A","17","S","1","F","L","NA","NA","0","NA","NA","0","1","1","0","0","0","0","1","36.8","36.8","37.0","37.2","37.5","37.8","37.6","36.8","37.3","37.7","37.5","37.7","36.9","37.7","37.6","37.7","38.3","38.2","38.2","38.1","37.9","37.7","37.7","37.5","37.4","38.0","38.4","37.4","38.2","38.2","38.00","39.0","37.9","37.3","36.8","38.0","0"
"L18A","18","M","4","F","C","NA","NA","0","NA","NA","0","1","1","0","1","0","0","1","37.4","37.3","37.9","37.9","37.7","37.6","37.9","38.2","38.2","38.2","38.1","37.9","38.0","38.2","37.9","38.2","37.9","37.9","37.1","37.9","38.2","37.7","38.6","37.7","38.3","37.9","37.8","38.1","38.3","38.6","38.20","38.3","38.0","37.9","38.0","38.2","0"
"L18B","18","M","4","M","L","NA","NA","1","27","NA","0","1","1","0","1","0","0","1","37.6","37.6","37.8","37.8","37.9","38.4","38.0","38.1","38.0","37.9","38.0","37.5","37.9","38.2","37.7","38.6","36.7","37.4","38.4","37.8","38.0","38.1","37.8","38.0","37.9","37.8","38.2","37.7","38.1","38.5","38.20","38.6","38.4","38.5","37.9","39.0","0"
"L18C","18","M","4","M","C","NA","NA","0","NA","NA","0","1","1","0","1","0","0","1","37.7","37.8","38.0","38.2","37.8","37.3","38.0","38.0","38.4","38.1","38.3","37.4","38.0","37.8","38.3","38.6","37.3","37.7","37.6","38.1","37.9","37.8","38.3","38.2","38.6","37.8","38.2","37.6","38.4","38.7","37.80","38.6","38.4","37.9","37.9","38.9","0"
"L18D","18","M","4","F","L","NA","NA","0","NA","NA","0","1","1","0","1","0","0","1","37.6","38.0","38.3","37.7","38.5","38.5","38.1","38.1","37.8","38.2","38.5","37.4","37.6","38.1","38.0","38.4","38.0","38.2","38.6","38.2","38.4","38.2","37.9","38.0","37.7","37.3","38.4","38.4","38.1","38.6","37.70","39.6","38.2","38.5","38.5","38.6","0"
"L19B","19","L","8","M","C","12.21","1","1","52","NA","1","1","1","0","0","0","0","1","36.9","37.7","37.5","37.5","37.5","37.7","38.5","38.4","38.2","37.7","38.2","38.4","37.9","37.7","37.6","37.8","37.7","38.2","37.9","37.8","37.8","38.0","38.3","37.9","38.8","38.8","37.8","38.2","37.9","38.5","38.10","38.6","38.4","38.1","38.5","38.5","0"
"L19D","19","L","8","M","L","16.76","1","1","42","47","1","0","0","0","0","0","NA","NA","36.9","37.0","37.5","37.5","37.7","37.8","37.4","37.4","38.2","37.9","37.4","38.2","37.9","37.9","38.1","37.8","37.6","38.2","38.8","38.1","38.1","38.1","38.4","38.1","38.3","38.5","38.1","38.6","38.3","38.9","39.10","38.3","38.3","38.3","38.3","38.3","1"
"L19F","19","L","8","F","C","4.43","1","1","46","NA","1","0","0","0","0","0","NA","NA","37.0","37.8","37.6","37.5","37.7","37.6","37.6","37.5","37.9","38.0","38.1","38.4","38.1","38.1","37.9","38.1","37.7","38.6","38.0","38.3","38.0","38.9","38.1","38.4","38.4","38.8","37.6","38.8","37.8","37.5","39.10","39.9","37.9","38.8","38.8","38.8","0"
"L19H","19","L","8","M","L","13.74","1","1","48","NA","1","0","0","0","0","0","NA","NA","37.1","37.3","37.7","37.7","37.7","37.4","37.5","37.7","38.2","37.8","37.9","38.2","38.0","37.7","37.7","38.0","37.9","38.1","38.3","38.0","38.0","38.8","38.3","38.4","38.8","38.9","40.0","37.9","37.8","37.8","37.70","38.1","38.3","37.9","38.0","38.0","0"
"L20A","20","S","3","M","C","NA","NA","1","50","NA","1","1","0","0","0","1","1","1","37.5","37.3","37.7","37.7","37.8","37.8","37.9","37.7","37.8","38.2","38.0","38.2","38.0","38.2","38.4","38.2","37.7","38.2","38.4","38.4","38.4","38.3","38.5","38.5","38.4","38.8","38.4","38.5","39.4","37.8","38.00","38.0","38.2","38.8","38.8","37.8","0"
"L20B","20","S","3","F","C","NA","NA","1","50","NA","1","1","0","0","1","0","1","1","37.2","37.3","37.6","37.9","37.7","37.6","37.8","37.7","37.8","37.9","37.9","38.0","37.9","38.0","37.4","38.0","37.5","38.2","38.1","38.4","38.1","38.2","38.3","38.3","38.1","38.5","38.3","38.1","38.5","39.0","38.00","38.9","38.2","38.3","38.3","37.6","0"
"L20C","20","S","3","F","L","NA","NA","1","51","NA","1","1","0","0","0","1","NA","1","37.4","37.3","37.5","37.7","37.9","37.8","37.7","37.4","37.7","38.2","37.6","37.3","38.2","38.2","38.4","37.2","37.9","38.5","38.2","38.1","38.5","37.9","38.0","38.6","38.4","38.9","38.6","38.3","38.9","38.3","40.20","40.2","40.2","40.2","40.2","40.2","1"
"L21D","21","S","2","M","L","0.49","0","0","NA","NA","0","0","0","0","0","0","0","0","37.1","37.4","37.5","37.9","37.9","37.5","37.7","37.8","38.1","37.5","37.4","37.7","37.6","38.0","37.6","39.0","38.2","37.8","38.0","37.8","37.7","37.9","38.1","37.7","38.4","38.1","38.3","38.0","37.8","37.9","38.00","37.4","38.4","38.1","38.1","38.2","0"
"L23D","23","S","3","M","L","6.95","1","1","27","NA","0","0","0","0","0","0","0","0","37.5","37.3","37.8","37.0","37.5","37.6","39.7","37.1","36.4","37.4","38.1","37.5","37.8","36.9","38.1","37.6","37.6","37.9","37.9","38.3","38.5","37.9","37.8","38.3","37.8","38.3","38.2","38.1","37.8","37.9","37.40","38.6","38.4","37.9","38.6","37.7","0"
"L24A","24","L","6","M","C","9.73","1","1","52","NA","1","1","1","0","0","0","0","1","37.0","37.5","36.9","37.6","37.7","38.0","37.7","37.5","37.5","37.9","38.6","36.7","37.9","38.0","37.6","37.5","37.3","38.2","38.5","38.1","37.8","38.0","37.9","37.7","38.1","38.0","38.1","38.4","38.3","38.1","38.00","38.5","37.8","37.6","38.1","38.3","0"
"L24F","24","L","6","M","L","6.73","1","0","NA","NA","0","0","0","0","0","0","0","0","37.0","37.3","37.0","37.6","38.3","37.9","37.8","38.0","38.2","38.1","38.5","37.6","38.0","38.1","37.0","38.0","38.0","38.3","38.3","38.2","38.2","37.3","38.0","37.7","38.5","38.0","38.4","39.4","38.0","38.6","38.20","37.8","38.2","38.4","38.0","38.0","0"
"L25B","25","M","3","F","C","10.97","1","0","NA","NA","0","0","0","0","0","0","0","0","37.4","37.3","37.6","37.8","37.9","38.1","38.2","37.7","38.4","38.5","36.9","37.6","38.1","38.2","38.4","38.2","38.7","38.3","38.4","38.6","38.6","38.7","38.5","38.4","38.2","38.3","38.3","38.7","38.7","38.5","38.60","38.5","38.4","38.4","38.6","39.1","0"
"L25E","25","M","3","F","L","5.93","1","0","NA","NA","0","0","0","0","0","0","0","0","37.2","37.1","37.5","38.1","37.9","37.6","37.9","37.3","38.1","38.5","37.5","38.0","37.8","38.6","38.5","38.2","38.3","38.5","38.4","38.4","38.4","37.9","38.7","38.8","38.1","38.4","38.3","38.3","37.9","38.3","38.30","38.5","38.5","38.1","38.3","38.1","0"
"L26D","26","S","3","M","L","NA","NA","0","NA","NA","0","0","0","0","0","0","0","0","37.2","37.6","37.6","37.7","37.6","37.8","37.9","37.9","37.7","38.3","37.9","38.2","38.1","38.6","37.7","38.1","38.2","38.6","38.4","38.5","38.4","37.8","38.4","38.1","38.3","37.9","38.3","38.4","38.6","38.4","38.60","39.1","38.4","38.9","38.5","38.4","0"
"L27A","27","S","3","M","L","6.1","1","0","NA","NA","0","1","0","0","1","0","0","1","37.1","37.7","37.4","37.6","38.0","37.2","38.2","37.9","37.9","37.8","37.5","38.1","37.8","37.9","37.6","38.0","37.6","38.1","38.8","37.7","38.1","38.2","37.5","38.2","37.8","37.9","37.3","38.4","37.9","37.9","37.90","38.3","39.0","39.0","38.3","38.1","0"
"L27C","27","S","3","M","C","6.5","1","1","49","NA","0","1","1","0","0","0","0","1","37.1","37.5","37.6","37.3","37.9","37.6","38.1","37.8","37.8","37.5","37.1","37.8","38.0","38.1","38.0","38.1","37.9","37.8","38.3","38.1","38.1","37.1","37.9","38.2","37.6","38.5","38.0","38.5","38.8","39.0","39.00","38.8","38.6","37.3","38.8","37.8","0"
"L28C","28","S","5","M","C","1.31","0","0","NA","NA","0","1","0","0","0","1","0","1","37.7","37.8","37.6","37.8","37.7","37.6","37.8","38.0","37.7","37.9","37.8","37.9","38.1","38.1","38.1","38.0","38.5","38.1","38.4","38.2","38.3","38.2","38.2","38.4","38.4","38.1","38.8","38.4","38.8","38.0","38.70","37.9","38.2","38.1","38.2","39.0","0"
"L28D","28","S","5","F","L","3.67","1","0","NA","NA","0","0","0","0","0","0","0","0","37.3","37.5","37.1","37.2","37.7","37.8","37.8","37.6","37.9","37.8","37.8","37.9","38.1","38.1","38.3","37.7","37.9","37.9","38.3","38.5","38.1","38.4","38.1","38.1","38.4","38.4","38.3","39.6","38.6","38.5","38.40","38.0","37.1","38.4","38.3","39.1","0"
"L29A","29","S","2","M","C","7.98","1","0","NA","NA","0","1","1","0","0","1","0","1","37.3","37.5","37.5","37.6","37.7","37.8","37.9","37.8","37.9","37.4","37.7","38.1","38.0","38.4","37.9","38.0","38.4","38.4","38.3","38.9","38.3","38.1","38.6","38.4","37.2","38.0","38.2","37.9","37.8","38.7","37.70","38.6","38.2","39.1","38.6","37.8","0"
"L30F","30","L","3","M","L","7.2","1","1","56","NA","1","1","0","0","0","0","1","1","37.6","38.1","37.9","38.2","37.8","38.0","38.2","38.1","38.0","38.0","38.1","38.1","38.4","38.3","38.7","38.4","38.4","38.3","38.4","38.3","38.4","38.4","38.5","38.4","38.5","38.1","38.5","38.3","38.5","38.8","38.40","38.5","38.5","39.3","39.0","39.7","1"
"L31A","31","L","9","M","C","3.26","1","0","NA","NA","0","0","0","0","0","0","0","0","37.6","37.6","37.2","38.0","37.8","37.8","38.3","38.0","37.6","37.4","37.8","37.9","38.0","38.3","38.2","38.3","38.1","38.0","37.8","38.0","38.9","38.2","36.8","38.1","38.0","38.2","38.5","38.3","37.8","38.1","37.90","37.9","38.1","38.2","38.1","38.7","0"
"L31C","31","L","9","M","L","6.37","1","1","47","NA","1","0","0","0","0","0","0","0","37.5","37.1","37.6","38.0","37.7","37.8","38.0","37.8","38.0","38.3","38.0","38.0","38.4","38.3","38.2","38.3","37.9","38.3","38.2","38.6","38.3","38.0","38.5","38.4","38.0","38.2","39.1","38.5","38.5","37.8","38.50","38.3","38.2","38.5","38.1","38.5","0"
"L31F","31","L","9","M","C","2.85","1","1","35","NA","1","1","0","1","0","0","0","1","37.0","37.6","37.4","38.1","37.9","38.0","37.9","38.0","37.6","38.2","37.9","37.4","39.0","38.8","38.2","38.2","38.2","38.6","37.9","38.7","38.3","38.3","38.3","38.2","37.9","38.2","38.5","38.3","38.5","38.4","38.30","38.7","38.3","38.7","38.3","38.8","0"
"L31G","31","L","9","M","L","3.16","1","0","NA","NA","1","1","0","0","1","0","0","1","37.3","37.7","37.8","37.9","37.6","37.5","38.0","37.8","37.7","38.2","37.8","38.4","38.4","38.0","38.2","38.6","39.0","38.1","38.1","38.1","38.1","37.9","37.4","38.0","38.1","38.2","38.2","38.4","38.0","38.1","38.20","38.4","38.7","38.8","38.5","38.7","0"
"L31I","31","L","9","F","C","4.66","1","0","NA","NA","1","0","0","0","0","0","0","0","36.5","37.4","37.7","37.8","37.8","37.8","38.4","38.0","38.0","37.8","38.3","37.7","38.3","38.5","38.5","38.6","38.4","38.5","38.3","38.4","38.4","38.3","38.2","38.2","38.1","38.2","38.3","38.4","38.5","38.1","38.60","38.2","38.1","37.6","38.1","38.4","0"
"L33B","33","L","7","F","L","0.53","0","0","NA","NA","0","1","0","1","0","0","0","1","37.2","38.2","37.7","37.7","37.8","37.7","38.1","37.4","38.1","38.2","37.9","38.0","38.5","38.3","37.6","37.6","38.2","38.2","38.1","38.0","38.6","37.5","37.6","37.9","37.7","38.2","38.6","38.3","38.7","38.2","38.70","38.7","38.6","38.4","37.8","38.8","0"
"L33C","33","L","7","M","C","0.46","0","0","NA","NA","0","0","0","0","0","0","0","0","37.2","37.4","37.8","37.9","37.5","37.6","37.7","37.4","38.1","37.8","37.9","37.9","38.2","37.7","37.7","38.2","38.2","38.0","38.1","38.1","38.2","38.0","38.0","37.7","37.8","37.6","38.3","38.2","38.5","38.5","38.10","38.6","37.7","38.4","37.9","38.2","0"
"L33E","33","L","7","M","L","0.8","0","0","NA","NA","0","1","0","0","0","1","1","1","37.1","37.9","37.4","37.7","38.0","38.1","38.1","37.5","38.4","38.3","38.2","38.0","38.2","38.4","38.3","38.1","38.2","37.6","37.8","37.7","38.4","38.3","38.0","38.1","38.1","38.2","38.4","38.1","38.8","38.2","38.40","38.8","38.5","37.6","38.3","38.6","0"
"L34B","34","L","3","M","C","5.01","1","1","27","35","1","1","1","1","0","0","0","1","38.5","38.8","38.0","38.8","38.0","38.1","38.4","38.3","38.3","38.2","37.2","38.0","38.1","38.4","38.8","38.3","38.3","38.6","38.1","38.0","38.0","38.6","38.2","38.0","38.0","38.1","38.6","38.6","38.3","38.5","38.50","38.5","38.9","38.1","37.6","38.5","0"
"L35C","35","S","3","F","L","NA","NA","0","NA","NA","0","0","0","0","0","0","0","0","36.3","36.8","36.9","37.4","37.7","37.4","37.7","37.1","37.3","37.4","37.9","37.7","38.1","37.9","37.5","38.0","37.8","37.6","38.1","37.4","38.2","37.3","38.3","38.0","38.0","38.3","38.3","37.9","38.1","37.7","37.90","38.0","38.4","38.3","38.1","37.9","0"
"L35E","35","S","3","F","C","NA","NA","0","NA","NA","0","1","0","1","1","0","0","1","36.7","37.3","36.9","37.6","37.4","37.4","37.8","37.7","37.5","37.5","37.8","37.8","38.0","38.7","40.4","39.7","39.9","37.0","37.1","36.5","37.9","38.0","37.6","37.6","37.9","38.4","37.8","37.6","38.2","37.9","38.10","37.3","38.3","38.2","38.0","37.9","0"
"L36B","36","S","6","M","L","6.96","1","0","NA","NA","0","0","0","0","0","0","0","0","36.7","37.5","37.9","37.5","37.8","37.8","37.4","38.2","38.5","38.3","37.8","38.1","38.4","38.1","38.3","38.2","38.4","38.3","38.1","37.7","38.7","38.1","38.4","38.6","38.4","38.6","38.2","38.5","39.1","38.0","38.40","37.9","38.4","38.8","38.8","38.9","0"
"L36C","36","S","6","M","C","3.94","1","0","NA","NA","0","0","0","0","0","0","0","0","37.3","37.6","37.7","37.5","37.8","37.7","37.5","38.0","37.9","38.4","37.7","38.1","38.1","38.1","38.4","38.0","38.1","38.1","37.9","37.8","38.4","38.2","38.2","38.2","38.2","38.3","38.5","38.1","38.6","38.8","38.50","38.6","38.2","38.7","38.7","38.5","0"
"L36E","36","S","6","F","L","6.41","1","0","NA","NA","0","0","0","0","0","0","0","0","37.4","37.3","37.5","37.8","37.8","38.0","37.6","37.8","38.4","38.4","38.0","38.5","38.1","38.3","38.2","38.2","38.3","37.9","38.1","38.1","38.2","38.2","38.2","38.5","37.9","38.5","38.1","38.3","38.4","38.6","38.20","38.7","38.3","38.9","38.9","39.4","0"
"L37B","37","S","4","M","L","3.77","1","0","NA","NA","0","1","0","0","1","0","0","1","37.4","37.3","37.3","37.4","37.5","37.6","37.8","37.4","37.8","38.2","38.2","38.1","37.7","37.7","37.9","37.8","37.8","38.1","38.1","38.2","38.2","38.0","38.1","38.4","37.7","38.2","38.1","38.1","37.9","38.6","38.00","38.1","38.1","38.2","38.2","38.0","0"
"L37D","37","S","4","M","L","2.84","1","0","NA","NA","0","0","0","0","0","0","0","0","37.0","36.9","36.9","37.2","36.9","36.9","37.1","37.1","37.4","37.8","37.6","37.6","37.2","38.3","37.4","37.8","39.0","38.5","37.7","38.0","37.9","38.1","37.8","38.4","37.9","38.1","37.7","37.9","37.9","38.1","38.20","38.4","38.1","37.7","37.7","38.5","0"
"L38A","38","S","3","F","L","4.38","1","0","NA","NA","0","1","1","1","0","0","0","1","37.1","37.7","37.5","37.2","37.0","37.5","37.8","37.6","37.8","38.0","37.7","37.8","37.6","38.1","38.0","38.0","38.1","37.6","37.8","38.4","37.7","38.6","38.3","38.4","39.3","38.1","37.7","38.5","38.1","38.5","38.60","38.5","38.2","38.4","38.4","38.4","0"
"L38B","38","S","3","M","C","3.23","1","0","NA","NA","0","0","0","0","0","0","0","0","37.3","37.5","37.6","37.8","37.7","37.4","37.5","36.7","37.7","38.0","37.7","37.5","37.8","37.9","38.0","38.1","38.5","38.5","37.9","38.0","37.9","38.3","38.6","38.5","39.1","38.1","37.7","38.1","38.8","38.3","38.60","38.6","39.0","38.8","38.8","38.8","0"
"L39A","39","L","7","M","C","0.73","0","0","NA","NA","0","1","1","0","0","0","0","1","37.4","37.6","38.5","38.1","38.0","37.7","37.9","37.3","38.2","38.2","37.8","37.9","38.3","38.0","37.8","38.3","37.6","37.6","37.5","38.0","38.3","38.1","38.1","38.8","38.3","38.4","38.0","38.0","37.5","38.3","38.50","39.2","38.4","38.4","38.9","38.4","0"
"L39B","39","L","7","M","L","3.65","1","0","NA","NA","0","0","0","0","0","0","0","0","37.1","37.1","37.7","37.8","37.8","37.3","37.6","37.2","38.0","38.0","38.8","38.2","38.0","38.0","36.8","37.8","37.6","37.3","37.5","38.2","37.4","37.9","38.1","37.9","37.9","38.3","38.6","38.2","37.8","37.9","38.90","38.5","38.2","38.1","38.6","38.5","0"
"L39G","39","L","7","M","L","4.57","1","0","NA","NA","0","0","0","0","0","0","0","0","37.0","37.0","37.1","37.6","37.6","36.7","37.9","37.3","38.5","37.3","38.0","38.1","38.2","38.4","37.6","38.5","38.0","37.9","37.9","38.6","38.1","38.3","38.4","37.5","38.3","38.0","38.2","37.6","38.2","38.1","39.40","39.2","38.7","38.5","38.6","38.6","0"
"L39H","39","L","7","F","C","4.99","1","1","52","NA","1","0","0","0","0","0","1","1","36.9","37.5","37.5","37.9","37.3","37.3","37.2","37.0","37.9","37.2","38.3","38.2","37.6","38.2","37.3","38.6","38.2","38.1","37.9","38.6","38.1","39.2","38.3","38.4","38.3","38.1","38.4","38.4","38.2","39.8","38.90","38.8","38.8","38.8","38.8","38.8","0"
"L40A","40","S","5","F","C","7.26","1","1","47","NA","1","0","0","0","0","NA","NA","NA","37.4","37.6","37.4","37.7","37.5","37.5","37.2","37.8","37.9","37.8","37.9","38.0","37.9","37.8","37.9","38.0","37.8","38.3","38.1","38.1","38.1","38.0","38.5","38.4","39.1","38.4","37.6","37.6","37.6","37.6","37.60","37.6","37.6","37.6","37.6","37.6","1"
"L40C","40","S","5","M","L","8.11","1","1","47","NA","1","1","0","0","0","1","0","1","37.3","37.5","37.6","37.4","37.5","37.6","37.6","37.5","37.8","37.8","38.0","38.4","37.9","38.3","37.7","38.2","38.2","38.1","37.9","38.3","37.8","38.9","38.3","38.5","38.8","38.6","37.8","37.1","38.2","38.5","38.40","38.6","38.4","38.1","38.1","38.1","0"
"L40E","40","S","5","M","C","8.26","1","1","47","NA","1","1","0","0","0","1","0","1","37.0","37.3","37.6","37.4","37.4","37.7","37.4","37.7","37.7","38.2","39.8","38.4","37.6","37.6","37.6","37.8","37.9","37.5","37.7","38.2","38.0","37.4","38.0","38.0","38.0","38.5","38.6","38.3","37.6","38.3","38.80","38.4","38.0","38.0","38.0","38.0","0"
"L41C","41","L","8","F","C","NA","NA","0","NA","NA","0","0","0","0","0","0","0","0","37.2","37.2","37.1","37.7","37.9","37.8","38.1","37.9","37.9","38.0","38.1","38.2","38.2","38.3","38.3","38.4","37.9","37.8","38.5","38.2","38.0","38.7","38.6","38.9","38.9","38.8","38.8","37.8","38.6","38.1","38.30","38.5","38.5","38.3","38.3","38.6","0"
"L41D","41","L","8","F","L","0.46","0","0","NA","NA","0","0","0","0","0","0","0","0","37.3","37.0","37.7","38.1","37.2","37.2","37.8","37.9","37.8","38.0","37.9","37.7","38.3","37.7","38.1","38.6","38.5","37.9","38.2","38.5","38.3","38.7","38.6","38.5","38.7","38.4","37.8","37.9","38.5","38.1","37.90","38.2","38.4","38.8","38.8","39.2","0"
"L41G","41","L","8","M","L","0.52","0","0","NA","NA","0","0","0","0","0","0","0","0","37.2","37.6","37.8","37.6","37.8","37.7","37.6","37.8","37.5","37.9","38.3","37.7","37.9","37.5","38.6","37.9","37.4","38.0","38.0","38.2","38.1","38.8","38.3","38.5","38.2","38.4","38.1","38.3","38.6","38.4","38.10","38.6","38.7","38.6","38.6","38.7","0"
"L41H","41","L","8","F","L","1.99","0","0","NA","NA","0","1","0","0","0","1","0","1","37.4","37.6","37.8","37.7","37.8","37.5","38.0","37.9","38.1","38.1","37.8","37.9","38.3","38.0","38.4","38.4","38.0","38.0","38.2","38.6","38.2","38.8","38.8","38.6","38.7","37.9","37.7","37.9","39.2","38.3","38.20","38.4","38.4","38.2","38.2","38.5","0"
"L42C","42","M","6","F","L","3.67","1","0","NA","NA","0","1","0","0","0","1","1","1","37.4","37.8","37.5","37.9","37.8","37.7","38.0","37.8","37.7","37.8","37.7","38.1","38.3","37.8","38.1","38.7","38.2","38.7","38.2","38.4","38.5","38.3","38.5","38.4","38.8","37.6","37.9","38.7","38.6","38.7","38.50","38.5","39.0","39.6","37.8","38.2","0"
"L42D","42","M","6","M","C","2.04","0","0","NA","NA","0","1","0","0","0","0","1","1","37.3","37.3","37.8","37.3","37.8","37.9","37.9","37.3","38.0","38.1","38.1","38.1","38.3","37.7","38.0","38.5","38.4","38.1","39.2","38.8","38.7","37.9","38.5","38.8","38.5","38.9","38.6","38.2","38.4","38.7","38.70","39.7","38.6","38.2","37.1","38.6","0"
"L42F","42","M","6","M","C","2.92","1","0","NA","NA","0","1","1","0","0","0","1","1","37.7","37.5","38.1","37.6","37.6","37.9","38.0","37.1","37.5","38.1","37.1","38.5","38.6","38.0","38.6","38.4","38.0","38.3","38.1","38.7","38.3","37.6","38.2","38.2","38.1","38.9","38.4","38.6","38.4","38.7","37.70","38.6","39.6","39.7","38.6","38.2","0"
"L43C","43","M","5","M","L","0.68","0","0","NA","NA","0","0","0","0","0","0","0","0","37.7","37.7","37.4","37.9","37.9","38.3","37.9","37.8","37.8","38.1","37.8","37.4","38.0","38.0","38.1","38.3","38.1","37.9","39.4","39.4","37.8","38.3","37.8","38.7","37.8","39.1","38.6","37.9","37.8","38.6","38.90","38.7","39.0","38.5","39.3","38.7","0"
"L43F","43","M","5","F","L","0.54","0","0","NA","NA","0","1","0","1","0","1","0","1","37.4","37.7","38.2","38.1","38.3","38.3","37.6","38.0","38.0","38.3","38.2","38.8","39.6","38.7","38.2","38.5","38.2","37.6","37.2","38.6","38.5","39.1","38.0","38.9","37.9","38.9","39.2","38.2","38.3","39.0","38.70","38.0","38.9","39.1","39.0","38.7","0"
"L44A","44","S","3","M","C","1.83","0","0","NA","NA","0","0","0","0","0","0","0","0","38.2","37.4","37.2","37.9","37.2","37.9","37.9","37.5","38.0","37.8","37.7","37.7","38.0","37.7","37.5","37.8","38.1","37.8","37.9","38.1","37.9","37.9","37.7","38.1","38.2","38.5","38.5","38.6","38.4","38.3","38.20","38.1","38.1","38.1","38.0","38.2","0"
"L44D","44","S","3","F","L","1.6","0","1","49","NA","0","1","0","0","0","0","1","1","36.4","37.2","37.5","37.1","37.7","37.8","37.5","37.5","38.1","38.1","37.4","38.0","37.7","37.8","37.2","37.7","37.7","37.9","37.5","38.2","37.7","37.5","38.0","38.3","38.1","38.2","38.0","37.7","38.5","38.3","38.20","38.4","39.7","38.3","38.0","37.7","0"
"L44G","44","S","3","M","C","2.78","1","1","56","NA","0","1","0","0","0","0","1","1","36.7","37.3","37.2","37.9","37.8","38.1","37.8","37.3","38.0","38.1","37.9","37.8","38.3","37.8","37.5","37.8","38.0","37.7","38.2","38.0","37.6","38.1","38.1","38.5","38.5","37.3","38.1","38.2","38.5","38.4","38.20","39.4","38.7","37.8","38.2","38.2","0"
"L45B","45","S","4","F","C","7.98","1","0","NA","NA","0","0","0","0","0","0","0","0","36.9","37.3","37.6","37.6","37.7","38.0","37.6","37.5","37.8","37.9","38.1","37.6","37.9","38.2","38.6","37.5","38.4","38.0","37.7","38.3","38.1","38.1","37.9","37.8","38.3","38.4","38.2","38.2","38.2","38.0","37.60","38.6","38.1","38.1","37.8","38.6","1"
"L46A","46","S","6","F","L","0.75","0","0","NA","NA","0","0","0","0","0","0","0","0","36.6","36.9","36.5","37.7","37.5","37.3","37.1","37.5","37.5","37.4","37.7","37.5","37.7","37.6","37.8","37.8","37.9","38.1","37.7","38.4","38.3","38.3","37.9","38.2","37.9","38.2","38.1","38.0","37.6","38.5","37.50","38.5","38.2","38.3","38.3","39.1","0"
"L46C","46","S","6","M","C","4.49","1","0","NA","NA","0","1","0","0","0","0","1","1","37.2","37.5","37.8","37.8","37.6","37.8","37.6","37.9","38.0","38.4","37.8","37.5","37.9","37.8","37.5","38.2","38.5","38.1","38.0","38.6","38.6","38.2","37.9","38.3","38.3","38.3","37.7","38.2","37.8","38.2","38.20","38.0","38.2","38.3","38.3","37.8","0"
"L47A","47","S","8","M","L","4.18","1","0","NA","NA","0","0","0","0","0","0","0","0","37.5","38.1","37.4","37.6","38.1","37.8","37.3","37.8","37.4","38.0","37.7","37.7","37.9","37.7","38.0","38.3","37.7","38.0","37.8","37.8","38.4","38.4","37.7","38.0","38.0","37.9","38.5","38.8","37.6","38.2","38.60","38.1","38.2","38.7","38.7","38.6","0"
"L47C","47","S","8","M","C","3.32","1","0","NA","NA","0","0","0","0","0","0","0","0","37.2","38.0","37.4","38.2","38.4","37.8","37.6","37.7","38.0","38.0","37.9","37.9","37.7","37.9","38.0","38.2","38.3","38.2","38.2","38.2","38.7","37.6","38.0","38.4","38.4","38.4","38.4","38.5","38.2","39.0","38.40","38.3","38.4","38.8","38.8","38.4","0"
"L47E","47","S","8","M","C","4.35","1","0","NA","NA","0","1","1","0","0","0","0","1","36.4","37.7","37.3","37.8","37.9","38.0","37.5","37.7","37.8","37.8","38.0","38.2","38.3","38.0","37.5","38.1","38.3","37.8","38.1","37.8","38.2","38.1","38.0","38.0","38.1","38.2","38.4","38.8","37.7","38.6","39.00","37.8","38.5","38.6","38.6","38.8","0"
"L47H","47","S","8","M","L","2.59","1","0","NA","NA","0","1","0","1","0","0","0","1","37.2","37.8","37.4","38.2","38.0","37.6","37.6","37.8","37.9","37.8","37.9","37.7","38.0","37.9","37.6","38.1","37.8","37.9","37.6","38.6","38.9","38.6","38.0","39.6","38.2","38.3","38.8","38.2","37.7","38.6","39.10","38.3","38.6","38.8","38.8","38.0","0"
"L48C","48","S","4","F","L","5.75","1","1","56","NA","0","0","0","0","0","0","0","0","36.8","37.3","37.4","37.5","37.6","37.5","37.4","37.3","37.4","37.6","37.7","37.8","38.1","38.1","37.9","37.8","38.6","37.8","38.3","38.1","38.4","38.1","38.1","38.3","38.1","38.2","38.3","38.6","38.5","38.2","38.10","37.9","38.1","37.8","38.0","39.1","1"
"L48E","48","S","4","F","C","4.98","1","1","49","56","0","1","0","0","0","0","1","1","36.6","37.5","37.5","37.6","39.9","37.9","37.9","37.8","38.0","37.8","38.0","38.7","38.1","38.2","37.6","37.9","38.5","38.1","38.2","38.5","38.0","37.8","38.4","38.5","38.6","38.5","38.6","38.6","38.1","38.4","38.70","38.6","39.8","38.6","38.5","38.6","0"
"L49A","49","L","3","M","C","6.61","1","1","55","NA","1","0","0","0","0","0","NA","NA","37.7","37.7","38.0","38.1","38.2","38.1","38.2","38.0","38.4","37.9","38.2","38.1","37.9","38.1","38.2","38.3","38.7","38.6","38.6","38.8","38.2","38.1","37.8","38.1","38.5","38.5","38.5","38.2","38.1","38.8","39.00","39.3","38.2","38.1","38.1","38.1","1"
"L49B","49","L","3","M","L","3.23","1","0","NA","NA","1","1","0","0","0","0","1","1","37.8","37.5","37.9","38.0","37.8","37.9","38.0","38.0","38.1","37.9","38.4","38.1","38.0","38.5","38.1","38.5","38.6","38.5","38.4","38.3","38.1","38.3","39.1","38.7","38.7","38.8","38.5","38.2","38.0","38.7","38.50","39.0","39.2","38.7","38.7","38.1","0"
"L49C","49","L","3","F","C","1.85","0","0","NA","NA","0","0","0","0","0","0","0","0","37.5","37.8","38.0","38.0","37.9","37.8","38.1","37.9","38.2","37.8","38.1","38.2","38.0","38.3","37.9","38.2","37.8","38.1","38.2","38.0","38.3","38.4","38.4","38.6","38.1","38.6","38.7","38.0","38.2","38.7","38.50","38.7","38.3","38.2","39.1","38.6","0"
"L50B","50","L","7","F","L","2.29","0","0","NA","NA","0","0","0","0","0","0","0","0","37.5","37.4","37.5","37.7","37.6","37.5","37.6","37.9","37.6","37.8","38.2","38.0","37.8","37.8","38.1","37.9","38.1","38.3","38.1","38.3","38.0","39.3","38.4","38.6","38.2","38.5","38.4","38.6","38.3","38.5","37.80","38.6","38.6","38.2","38.7","38.7","0"
"L50D","50","L","7","F","L","6.07","1","0","NA","NA","0","1","1","1","0","1","0","1","37.2","37.5","37.7","37.7","37.6","37.8","37.9","37.6","38.1","38.3","38.5","38.4","38.3","38.2","38.1","37.9","38.5","38.4","38.1","38.6","38.4","39.0","38.8","38.7","38.5","39.0","38.3","38.0","38.2","38.3","38.10","38.6","37.9","38.3","38.7","38.7","0"
"L50F","50","L","7","M","C","6.1","1","1","44","NA","0","1","0","1","0","1","0","1","37.2","37.2","37.7","38.0","38.0","37.1","37.8","37.7","37.5","37.3","37.6","37.2","37.4","37.7","36.8","37.7","37.9","38.6","37.9","38.1","37.6","38.4","38.5","38.4","37.9","38.8","38.2","37.9","38.4","38.7","37.90","38.8","38.2","38.4","39.0","38.7","0"
"L51C","51","L","7","F","C","9.24","1","0","NA","NA","0","1","0","0","1","0","0","1","37.5","37.7","37.5","38.1","38.0","37.8","38.3","37.8","38.1","38.6","37.9","38.0","38.3","37.4","38.3","38.0","37.9","38.6","38.1","38.7","39.3","38.6","38.6","38.6","38.2","38.6","37.8","38.4","38.0","38.9","38.10","38.4","38.1","38.2","38.1","38.3","0"
"L51D","51","L","7","F","L","0.35","0","0","NA","NA","0","0","0","0","0","0","0","0","37.5","37.7","37.8","38.2","38.0","37.6","37.8","37.9","38.1","37.1","38.0","38.2","38.2","37.3","37.7","38.1","37.9","38.6","38.4","37.9","38.7","38.5","38.3","38.8","38.6","38.3","38.0","37.8","38.3","38.8","38.10","38.5","38.5","38.6","38.9","38.3","0"
"L51F","51","L","7","F","L","11.83","1","0","NA","NA","0","0","0","0","0","0","0","0","37.5","37.7","37.7","37.8","38.0","37.2","37.9","37.5","37.8","37.8","37.2","37.9","38.4","37.5","38.2","38.1","38.6","38.5","38.4","38.3","38.6","38.3","37.7","38.8","37.8","38.5","37.7","38.7","38.0","38.6","38.20","38.3","38.3","38.1","37.8","38.8","0"
"L51G","51","L","7","F","C","2.54","1","0","NA","NA","0","0","0","0","0","0","0","0","37.0","37.8","37.2","37.8","38.0","37.4","38.0","37.7","38.1","38.0","37.8","38.1","38.2","37.1","38.4","38.5","38.3","38.4","37.9","38.1","38.3","38.1","38.6","38.7","38.2","38.2","38.3","37.5","38.4","38.7","38.20","38.5","37.9","38.1","38.4","38.5","0"
"L52B","52","M","4","F","L","2.14","0","0","NA","NA","0","0","0","0","0","0","1","1","37.4","37.3","37.5","37.2","37.7","37.6","37.0","37.7","38.3","38.0","38.1","38.2","38.1","38.4","38.1","38.0","38.1","38.4","38.2","38.6","38.1","37.9","38.4","38.4","38.5","37.8","38.8","38.5","38.6","40.1","38.70","38.3","38.6","38.4","40.0","40.4","0"
"L52E","52","M","4","M","C","3.72","1","0","NA","NA","0","0","0","0","0","0","0","0","37.7","37.7","37.6","37.4","37.6","37.8","38.0","38.0","38.2","37.8","37.8","38.1","37.9","38.0","38.0","37.8","38.2","38.1","38.2","38.1","37.9","38.4","38.7","37.8","38.5","38.4","38.6","38.4","38.1","39.0","38.80","38.2","38.6","38.4","38.3","38.4","0"
"L53A","53","S","1","F","C","2.12","0","0","NA","NA","0","1","1","0","1","0","0","1","37.5","37.5","37.6","37.7","37.9","37.1","37.5","37.4","37.5","38.7","37.9","38.0","37.9","37.9","37.8","37.4","37.9","38.1","37.8","39.4","39.4","38.8","37.5","37.2","37.7","37.9","38.6","38.7","38.3","38.6","38.10","38.6","38.7","38.2","37.8","38.6","0"
"L54A","54","M","8","M","C","0.73","0","0","NA","NA","0","1","0","1","0","1","0","1","37.8","37.6","37.3","37.5","38.4","37.9","37.9","37.1","37.8","37.8","37.7","38.0","38.2","38.2","38.0","38.0","38.1","38.3","38.0","38.1","38.1","38.6","38.5","37.9","38.5","38.1","38.3","37.9","38.3","38.8","38.70","38.9","38.5","37.8","38.5","38.4","0"
"L54C","54","M","8","F","L","NA","NA","0","NA","NA","0","0","0","0","0","0","NA","NA","37.2","37.2","37.1","37.8","37.7","37.8","37.9","37.2","37.4","37.9","37.8","37.9","37.3","38.0","38.4","37.7","37.7","38.2","38.1","38.0","39.4","37.2","38.3","38.2","38.4","38.9","38.8","38.8","37.9","38.1","38.40","38.9","38.2","38.9","38.5","38.1","0"
"L54G","54","M","8","M","C","4.7","1","0","NA","NA","0","0","0","0","0","0","0","0","37.4","37.5","37.2","37.7","37.5","37.6","37.7","36.8","37.8","38.0","37.9","37.8","37.7","38.0","37.8","37.8","37.9","37.9","37.9","38.3","38.5","37.3","38.3","38.2","38.4","39.7","38.7","38.4","36.8","38.1","38.20","38.9","38.8","38.6","38.2","38.3","0"
"L55F","55","S","7","M","C","4.84","1","0","NA","NA","0","0","0","0","0","0","0","0","37.2","37.1","37.4","37.4","37.5","37.9","37.7","37.4","37.9","37.8","37.9","38.1","38.0","38.2","38.2","38.3","38.0","38.3","38.0","38.1","38.3","38.4","38.8","38.6","38.5","38.0","38.5","38.0","38.3","38.4","38.50","38.4","38.4","38.9","38.9","38.1","0"
"L55H","55","S","7","M","L","18.6","1","0","NA","NA","0","1","0","0","0","1","0","1","37.6","37.3","37.3","37.5","37.5","37.7","37.6","37.4","37.8","37.6","37.7","38.0","37.6","38.1","37.4","38.2","37.9","37.7","37.7","38.2","38.4","38.3","38.3","38.6","38.5","38.1","38.2","37.9","37.8","38.2","38.40","38.1","38.1","38.2","38.4","38.1","0"
